#,Clinic,Division,District,Address,Latitude,Longitude,Source,Valid,OSM_ID
1,Adhar Manick Community Clinic,Khulna,Bagerhat,Bagerhat,22.489387,89.571005,DGHS verified,Yes,6088508344
2,Bajerdanga Community Clinic,Khulna,Khulna,Khulna,22.983206,89.456638,DGHS verified,Yes,9578950510
3,Botul Bazar Community Clinic,Khulna,Satkhira,Satkhira,22.317438,89.323431,DGHS verified,Yes,6114040800
4,Center Amorbunia Community Clinic,Khulna,Bagerhat,Bagerhat,22.410414,89.741328,DGHS verified,Yes,6130790873
5,Choukuni community clinic,Khulna,Satkhira,Satkhira,22.391426,89.323579,DGHS verified,Yes,6111623621
6,Community Clinic,Khulna,Bagerhat,Bagerhat,22.698571,89.762428,DGHS verified,Yes,9575854338
7,Community Clinic Eastern Kuruper Dyer,Khulna,Bagerhat,Bagerhat,22.481387,89.740284,DGHS verified,Yes,5845731072
8,"Community Clinic, Ward 14",Khulna,Khulna,"Royermahal School Cross Road, Khulna",22.837905,89.523441,DGHS verified,Yes,305106655
9,"Community Clinic, Ward no 14",Khulna,Khulna,"Royermahal School Cross Road, Khulna",22.837941,89.523538,DGHS verified,Yes,3098853086
10,Community clinic of Tildanga Kachari Bari,Khulna,Khulna,Khulna,22.595924,89.467254,DGHS verified,Yes,6116540436
11,Datter Metho Community Clinic,Khulna,Bagerhat,Bagerhat,22.468825,89.659191,DGHS verified,Yes,5863675758
12,East Kalabagi gazibari Community Clinic,Khulna,Bagerhat,Bagerhat,22.436835,89.44699,DGHS verified,Yes,6122732989
13,Katmachar Community Clinic,Khulna,Satkhira,Satkhira,22.30588,89.296403,DGHS verified,Yes,6113692681
14,Khajuria Community Clinic,Khulna,Bagerhat,Bagerhat,22.450694,89.554635,DGHS verified,Yes,6088508335
15,Khonkarer Ber Community Clinic,Khulna,Bagerhat,Bagerhat,22.469951,89.693307,DGHS verified,Yes,5863675769
16,Bogi Shoronkhola Community Clinic,Barishal,Barguna,Barguna,22.224275,89.831329,DGHS verified,Yes,5782019941
17,Bonda Ghata Community Clinic,Barishal,Pirojpur,Pirojpur,22.37499,89.787338,DGHS verified,Yes,6126592807
18,Bothipara Community Clinic,Barishal,Barguna,Barguna,21.954134,90.075972,DGHS verified,Yes,6212952221
19,Community Clinic (3 no ward),Barishal,Patuakhali,Patuakhali,22.192854,90.492113,DGHS verified,Yes,6090683192
20,Community Clinic in front of Haji House,Barishal,Bhola,Bhola,22.428261,90.710584,DGHS verified,Yes,6105692806
21,Community Clinic in front of Talukdar house,Barishal,Bhola,Bhola,22.446797,90.701044,DGHS verified,Yes,6106909762
22,Community Clinic of Fakaruddin Hawladar House,Barishal,Bhola,Bhola,22.527829,90.717861,DGHS verified,Yes,6106623872
23,Community Clinic of Howlader house,Barishal,Bhola,Bhola,22.567122,90.729416,DGHS verified,Yes,6100699049
24,Community clinic at 7 no. ward,Barishal,Bhola,Bhola,22.57485,90.649706,DGHS verified,Yes,6109581735
25,Community clinic beside Monu Matbor house,Barishal,Bhola,Bhola,22.579411,90.732117,DGHS verified,Yes,6100698948
26,Community clinic beside Mosharref Member house,Barishal,Bhola,Bhola,22.5759,90.74306,DGHS verified,Yes,6100668251
27,Dhania Community clinic,Barishal,Bhola,Bhola,22.70846,90.6664,DGHS verified,Yes,5928584139
28,Dhansagor Community Clinic,Barishal,Pirojpur,Pirojpur,22.369853,89.823537,DGHS verified,Yes,9578950493
29,Dokhin Baliea Notun hat Community Clinic,Barishal,Bhola,Bhola,22.598572,90.6243,DGHS verified,Yes,6100762216
30,Enatia Community Clinic,Barishal,Pirojpur,Pirojpur,22.382739,89.790061,DGHS verified,Yes,9578950495
31,Banggobondu Community Clinic/Autisom Centre,Dhaka,Dhaka,Dhaka,23.786451,90.412159,DGHS verified,Yes,8880370087
32,"Barakeshabpur Community Clinic, Unnamed Road, Shibchar",Dhaka,Madaripur,Madaripur,23.391287,90.202521,DGHS verified,Yes,1278457844
33,Gobra community clinic,Dhaka,Gopalganj,Gopalganj,22.97753,89.810017,DGHS verified,Yes,9799181179
34,Laskar Dighirpar Community Clinic,Dhaka,Gopalganj,"বটতলা - লস্কর দিঘীরপাড়, Muksudpur, Gopalganj",23.272553,89.83635,DGHS verified,Yes,8999056543
35,Pakulya Community Clinic,Dhaka,Tangail,Tangail,24.142282,90.017371,DGHS verified,Yes,12376108382
36,তালতলা কমিউনিটি ক্লিনিক,Dhaka,Shariatpur,"তালতলা বাজার রোড, রাজনগর, নড়িয়া,শরিয়তপুর, Shariatpur",23.298065,90.335166,DGHS verified,Yes,715033304
37,A G Homeo Clinic,Dhaka,Dhaka,Dhaka,23.738459,90.391015,Healthsites/OSM sourced,Yes,11443840000
38,A Mohammodia Medical Center,Dhaka,Dhaka,"Fakirapool Road, Dhaka",23.733718,90.416093,Healthsites/OSM sourced,Yes,5356283521
39,Active Social welfare Society Health Clinic(একটিভ সোশাল ওয়েলফেয়ার সোসাইটি হেলথ ক্লিনিক),Dhaka,Dhaka,"১, Dhaka",23.817432,90.368361,Healthsites/OSM sourced,Yes,4322832177
40,Advance Healthcare For Women,Dhaka,Dhaka,"Road 3, Dhaka",23.777001,90.364659,Healthsites/OSM sourced,Yes,6902633046
41,Al Chemi Medical center,Dhaka,Dhaka,Dhaka,23.767127,90.358361,Healthsites/OSM sourced,Yes,11997829804
42,Al Noor Diagonestics Center,Dhaka,Kishoreganj,Kishoreganj,24.437766,90.780068,Healthsites/OSM sourced,Yes,9785782640
43,Al Safi Pathology,Dhaka,Kishoreganj,Kishoreganj,24.441941,90.776714,Healthsites/OSM sourced,Yes,9785822964
44,Alo Clinic,Dhaka,Dhaka,Dhaka,23.828513,90.356914,Healthsites/OSM sourced,Yes,12198821913
45,Anima Homio Hall,Dhaka,Dhaka,Dhaka,23.738735,90.435723,Healthsites/OSM sourced,Yes,11738254396
46,"Ali Akbar Chowdhury Community Clinic, Pathuria Rd, Chattogram",Chattogram,Feni,Feni,22.716775,91.60181,DGHS verified,Yes,553231400
47,Gangra Community Clinic,Chattogram,Feni,Feni,23.111202,91.334914,DGHS verified,Yes,1132138008
48,Haji Abdul Latif Community Clinic,Chattogram,Noakhali,Noakhali,22.300137,91.141475,DGHS verified,Yes,9152869198
49,Kamolpur Community Clinic,Chattogram,Cumilla,"Lampur Kamolpur Road, Comilla, Cumilla",23.378479,91.266653,DGHS verified,Yes,252543158
50,Kocchoptoli Community Clinic,Chattogram,Chattogram,Chattogram,22.235883,92.347515,DGHS verified,Yes,11243296606
51,Mir Somaj Community Clinic,Chattogram,Noakhali,"Mir Somaj, Hatiya, Noakhali",22.578796,91.054823,DGHS verified,Yes,1210761582
52,Sah Somie nagoi community clinic,Chattogram,Chattogram,Chattogram,22.318427,91.852174,DGHS verified,Yes,3795800904
53,Shreehashy Community Clinic,Chattogram,Feni,Feni,23.125772,91.198734,DGHS verified,Yes,7739844012
54,মৈশাতুয়া কমিউনিটি ক্লিনিক,Chattogram,Cumilla,Cumilla,23.18731,91.06695,DGHS verified,Yes,1201907043
55,CUET Medical Centre,Chattogram,Chattogram,"CUET Main Road, CUET,Raojan, Chattogram, Chattogram",22.46084,91.970605,Healthsites/OSM sourced,Yes,681609361
56,Central Lab,Chattogram,Chattogram,Chattogram,22.360787,91.829708,Healthsites/OSM sourced,Yes,9601138205
57,"Chayapath Maternal and Child Health Services Clinic, Hamjarbag Rd, Hathazari, Chattogram",Chattogram,Chattogram,Chattogram,22.376944,91.831178,Healthsites/OSM sourced,Yes,11800784720
58,Cosmopolitan diagonostic center,Chattogram,Feni,Feni,23.014618,91.393721,Healthsites/OSM sourced,Yes,1059917842
59,Diagnosis Centre,Chattogram,Cumilla,Cumilla,23.376389,91.057951,Healthsites/OSM sourced,Yes,375098413
60,Epic Health Care,Chattogram,Chattogram,Chattogram,22.342685,91.835988,Healthsites/OSM sourced,Yes,9811572337
61,Agran Community Clinic,Rajshahi,Natore,Natore,24.31623,89.133561,DGHS verified,Yes,10901377123
62,"Bon Belgharia Community Clinic, Natore - Naogaon Hwy, Natore",Rajshahi,Natore,Natore,24.414376,88.95748,DGHS verified,Yes,1161965036
63,Gurpipul Community Clinic,Rajshahi,Sirajganj,Sirajganj,24.497086,89.367702,DGHS verified,Yes,442360885
64,"Pandithgram community clinic, 1 No. Chatni Union, Natore",Rajshahi,Natore,Natore,24.432647,88.958506,DGHS verified,Yes,1161949438
65,Pirgacha Community Clinic,Rajshahi,Bogura,Bogura,24.951415,89.398443,DGHS verified,Yes,11932467004
66,Soair Community Clinic,Rajshahi,Natore,Natore,24.575954,89.168594,DGHS verified,Yes,5200791625
67,Tarakandi Community Clinic,Rajshahi,Sirajganj,Sirajganj,24.686779,89.821883,DGHS verified,Yes,5080670401
68,আধাইপুর কমিউনিটি ক্লিনিক,Rajshahi,Joypurhat,Joypurhat,24.971484,88.932084,DGHS verified,Yes,10712041033
69,Al Barak Diagonestics,Rajshahi,Rajshahi,Rajshahi,24.372227,88.580564,Healthsites/OSM sourced,Yes,9589195174
70,"Alpha Clinic, Mohadevpur, Naogaon",Rajshahi,Naogaon,Naogaon,24.919634,88.751499,Healthsites/OSM sourced,Yes,10734183040
71,"Apollo Clinic,Muktir More, Naogaon",Rajshahi,Naogaon,Naogaon,24.816821,88.939473,Healthsites/OSM sourced,Yes,10765568387
72,Appolo Clinic,Rajshahi,Naogaon,Naogaon,24.817013,88.939235,Healthsites/OSM sourced,Yes,9772066086
73,Bengle City Scan,Rajshahi,Rajshahi,Rajshahi,24.372803,88.583166,Healthsites/OSM sourced,Yes,9587894869
74,Boikali Medical Center,Rajshahi,Rajshahi,Rajshahi,24.37222,88.582856,Healthsites/OSM sourced,Yes,9587894876
75,"Bonolota Diagonstic & Clinic, Dhaka - Natore Hwy, Natore",Rajshahi,Natore,Natore,24.412278,88.993973,Healthsites/OSM sourced,Yes,10839367934
76,Chuliyar Char Community Clinic,Rangpur,Gaibandha,Gaibandha,25.512712,89.849478,DGHS verified,Yes,591115532
77,Ezlamari Community Clinic,Rangpur,Kurigram,Kurigram,25.532937,89.836024,DGHS verified,Yes,591875225
78,Horihorpur Community Clinic,Rangpur,Dinajpur,Dinajpur,25.581809,88.641461,DGHS verified,Yes,9529812895
79,Kandapara community clinic,Rangpur,Kurigram,Kurigram,25.546408,89.805843,DGHS verified,Yes,591766591
80,Khonjon mara Community Clinic,Rangpur,Kurigram,Kurigram,25.589715,89.816633,DGHS verified,Yes,5645245569
81,South Tapurre Community Clinic,Rangpur,Kurigram,Kurigram,25.604737,89.833955,DGHS verified,Yes,5647913644
82,Uttar Chor Sajai Mandalpara Community Clinic ( উত্তর চর সাজাই মণ্ডলপাড়া কমিউনিটি ক্লিনিক ),Rangpur,Gaibandha,Gaibandha,25.509133,89.770237,DGHS verified,Yes,5647805559
83,datiyar char community clinic,Rangpur,Gaibandha,Gaibandha,25.534228,89.771878,DGHS verified,Yes,589403046
84,fulbari community clinic,Rangpur,Kurigram,Kurigram,25.53961,89.844991,DGHS verified,Yes,591123360
85,konachipara community clinic,Rangpur,Kurigram,Kurigram,25.544158,89.818547,DGHS verified,Yes,589573959
86,kutir char Community Clinic(কুটির চর ক্লিনিক ),Rangpur,Kurigram,Kurigram,25.575534,89.813431,DGHS verified,Yes,5644080042
87,দক্ষিণ বালাপাড়া কমিউনিটি ক্লিনিক,Rangpur,Nilphamari,Nilphamari,26.211433,88.906792,DGHS verified,Yes,5884640140
88,Bashna Community Clinic,Mymensingh,Mymensingh,"Foraji Bari Road, Mymensingh",24.713424,90.294617,DGHS verified,Yes,4388826037
89,Chowrata Bazar Community Clinic,Mymensingh,Jamalpur,"Ambaria Road, Dhanbari, Jamalpur",24.679383,89.987624,DGHS verified,Yes,758933586
90,Maizbag Community Clinic,Mymensingh,Mymensingh,"Laksmiganj, Mymensingh",24.630142,90.610839,DGHS verified,Yes,561589126
91,Ramchandrapur Community Clinic,Mymensingh,Mymensingh,Mymensingh,24.626833,90.573895,DGHS verified,Yes,6229464658
92,Al Raji Diagonostic center,Mymensingh,Netrokona,Netrokona,24.871,90.731833,Healthsites/OSM sourced,Yes,3559112805
93,Apollo Diagonostic Center,Mymensingh,Netrokona,Netrokona,24.869447,90.731576,Healthsites/OSM sourced,Yes,3559007759
94,City Digital Diagonostic Center,Mymensingh,Netrokona,Netrokona,24.879475,90.731236,Healthsites/OSM sourced,Yes,3561656512
95,Diagonostic Center,Mymensingh,Netrokona,Netrokona,24.87138,90.733855,Healthsites/OSM sourced,Yes,3558445435
96,Achanpur community clinic,Sylhet,Habiganj,Habiganj,24.712529,91.331599,DGHS verified,Yes,6281151376
97,Adittopur community clinic,Sylhet,Habiganj,Habiganj,24.631088,91.197883,DGHS verified,Yes,6125242925
98,Atgao community clinic,Sylhet,Sunamganj,Sunamganj,24.751351,91.186564,DGHS verified,Yes,6124500161
99,Community Clinic Puran Varanga,Sylhet,Sunamganj,Sunamganj,25.095174,91.251208,DGHS verified,Yes,5781372420
100,Kamarkandi Community Clinic,Sylhet,Sunamganj,Sunamganj,25.161508,91.174121,DGHS verified,Yes,5793761342
